Partition,Algorithm,FeatureCount,Bias,BuildTime,TestTime,NUsers,NAttempted,NGood,Coverage,RMSE.ByUser,RMSE.ByRating,Predict.nDCG,TopN.nDCG,MAP,MRR
1,PersMean,,,0.751,0.937,19,95,95,1.0,0.9094995919938519,1.00031364625209,0.9595674727979828,0.0025053925173847344,0.005847953216374269,0.005847953216374269
1,ItemItem,,,9.335,3.91,19,95,73,0.7684210526315789,0.8483810433841859,1.0367937914825633,0.8091034600480159,0.018811696114966713,0.05263157894736842,0.05263157894736842
